-- phpMyAdmin SQL Dump
-- version 5.0.2
-- https://www.phpmyadmin.net/
--
-- Host: 127.0.0.1:3306
-- Generation Time: Oct 31, 2020 at 02:53 PM
-- Server version: 5.7.29
-- PHP Version: 7.1.33

SET SQL_MODE = "NO_AUTO_VALUE_ON_ZERO";
START TRANSACTION;
SET time_zone = "+00:00";


/*!40101 SET @OLD_CHARACTER_SET_CLIENT=@@CHARACTER_SET_CLIENT */;
/*!40101 SET @OLD_CHARACTER_SET_RESULTS=@@CHARACTER_SET_RESULTS */;
/*!40101 SET @OLD_COLLATION_CONNECTION=@@COLLATION_CONNECTION */;
/*!40101 SET NAMES utf8mb4 */;

--
-- Database: `mydb`
--

-- --------------------------------------------------------

--
-- Table structure for table `authors`
--

CREATE TABLE `authors` (
  `id` int(11) UNSIGNED NOT NULL,
  `name` varchar(255) COLLATE utf8mb4_unicode_ci DEFAULT NULL,
  `lastName` varchar(255) COLLATE utf8mb4_unicode_ci DEFAULT NULL,
  `wiki_link` varchar(255) COLLATE utf8mb4_unicode_ci DEFAULT NULL
) ENGINE=InnoDB DEFAULT CHARSET=utf8mb4 COLLATE=utf8mb4_unicode_ci;

--
-- Dumping data for table `authors`
--

INSERT INTO `authors` (`id`, `name`, `lastName`, `wiki_link`) VALUES
(1, 'Hovhannes', 'Tumanyan', 'https://en.wikipedia.org/wiki/Hovhannes_Tumanyan'),
(2, 'Theodore', 'Dreiser', 'https://en.wikipedia.org/wiki/Theodore_Dreiser'),
(3, 'Paruyr', 'Sevak', 'https://en.wikipedia.org/wiki/Paruyr_Sevak'),
(4, 'Yeghishe', 'Charents', 'https://en.wikipedia.org/wiki/Yeghishe_Charents'),
(5, 'Vahan', 'Terian', 'https://en.wikipedia.org/wiki/Vahan_Terian'),
(6, 'Ernest', 'Hemingway', 'https://en.wikipedia.org/wiki/Ernest_Hemingway'),
(7, 'William', 'Saroyan', 'https://en.wikipedia.org/wiki/William_Saroyan'),
(9, 'Harper', 'Lee', ''),
(10, 'George', 'Orwell', ''),
(11, 'J.K.', 'Rowling', '');

-- --------------------------------------------------------

--
-- Table structure for table `books`
--

CREATE TABLE `books` (
  `id` int(11) UNSIGNED NOT NULL,
  `BookTitle` varchar(100) COLLATE utf8mb4_unicode_ci DEFAULT NULL,
  `Genre_id` int(11) UNSIGNED NOT NULL,
  `Publisher` varchar(100) COLLATE utf8mb4_unicode_ci NOT NULL,
  `Price` varchar(255) COLLATE utf8mb4_unicode_ci NOT NULL,
  `Image` varchar(100) COLLATE utf8mb4_unicode_ci NOT NULL,
  `author_id` int(11) UNSIGNED NOT NULL,
  `user_id` int(11) UNSIGNED DEFAULT NULL
) ENGINE=InnoDB DEFAULT CHARSET=utf8mb4 COLLATE=utf8mb4_unicode_ci;

--
-- Dumping data for table `books`
--

INSERT INTO `books` (`id`, `BookTitle`, `Genre_id`, `Publisher`, `Price`, `Image`, `author_id`, `user_id`) VALUES
(1, 'Մարդը ափի մեջ2', 17, 'Gabriel Garsia Markes', 'AMD 12000', '1603625427-cover12.jpg', 3, 1),
(4, 'Harry Potter and the Philosopher’s Stone', 1, 'Rowling', 'USD 100', '1603618559-harry_potter_and_the_Sorcerers_stone_adult_usa.webp', 11, 12);

-- --------------------------------------------------------

--
-- Table structure for table `countries`
--

CREATE TABLE `countries` (
  `CountryID` int(11) UNSIGNED NOT NULL,
  `CountryName` varchar(50) COLLATE utf8mb4_unicode_ci DEFAULT NULL,
  `TwoCharCountryCode` char(2) COLLATE utf8mb4_unicode_ci DEFAULT NULL,
  `ThreeCharCountryCode` char(3) COLLATE utf8mb4_unicode_ci DEFAULT NULL
) ENGINE=InnoDB DEFAULT CHARSET=utf8mb4 COLLATE=utf8mb4_unicode_ci;

--
-- Dumping data for table `countries`
--

INSERT INTO `countries` (`CountryID`, `CountryName`, `TwoCharCountryCode`, `ThreeCharCountryCode`) VALUES
(1, 'Afghanistan', 'AF', 'AFG'),
(2, 'Aland Islands', 'AX', 'ALA'),
(3, 'Albania', 'AL', 'ALB'),
(4, 'Algeria', 'DZ', 'DZA'),
(5, 'American Samoa', 'AS', 'ASM'),
(6, 'Andorra', 'AD', 'AND'),
(7, 'Angola', 'AO', 'AGO'),
(8, 'Anguilla', 'AI', 'AIA'),
(9, 'Antarctica', 'AQ', 'ATA'),
(10, 'Antigua and Barbuda', 'AG', 'ATG'),
(11, 'Argentina', 'AR', 'ARG'),
(12, 'Armenia', 'AM', 'ARM'),
(13, 'Aruba', 'AW', 'ABW'),
(14, 'Australia', 'AU', 'AUS'),
(15, 'Austria', 'AT', 'AUT'),
(17, 'Bahamas', 'BS', 'BHS'),
(18, 'Bahrain', 'BH', 'BHR'),
(19, 'Bangladesh', 'BD', 'BGD'),
(20, 'Barbados', 'BB', 'BRB'),
(21, 'Belarus', 'BY', 'BLR'),
(22, 'Belgium', 'BE', 'BEL'),
(23, 'Belize', 'BZ', 'BLZ'),
(24, 'Benin', 'BJ', 'BEN'),
(25, 'Bermuda', 'BM', 'BMU'),
(26, 'Bhutan', 'BT', 'BTN'),
(27, 'Bolivia', 'BO', 'BOL'),
(28, 'Bonaire, Sint Eustatius and Saba', 'BQ', 'BES'),
(29, 'Bosnia and Herzegovina', 'BA', 'BIH'),
(30, 'Botswana', 'BW', 'BWA'),
(31, 'Bouvet Island', 'BV', 'BVT'),
(32, 'Brazil', 'BR', 'BRA'),
(33, 'British Indian Ocean Territory', 'IO', 'IOT'),
(34, 'Brunei', 'BN', 'BRN'),
(35, 'Bulgaria', 'BG', 'BGR'),
(36, 'Burkina Faso', 'BF', 'BFA'),
(37, 'Burundi', 'BI', 'BDI'),
(38, 'Cambodia', 'KH', 'KHM'),
(39, 'Cameroon', 'CM', 'CMR'),
(40, 'Canada', 'CA', 'CAN'),
(41, 'Cape Verde', 'CV', 'CPV'),
(42, 'Cayman Islands', 'KY', 'CYM'),
(43, 'Central African Republic', 'CF', 'CAF'),
(44, 'Chad', 'TD', 'TCD'),
(45, 'Chile', 'CL', 'CHL'),
(46, 'China', 'CN', 'CHN'),
(47, 'Christmas Island', 'CX', 'CXR'),
(48, 'Cocos (Keeling) Islands', 'CC', 'CCK'),
(49, 'Colombia', 'CO', 'COL'),
(50, 'Comoros', 'KM', 'COM'),
(51, 'Congo', 'CG', 'COG'),
(52, 'Cook Islands', 'CK', 'COK'),
(53, 'Costa Rica', 'CR', 'CRI'),
(54, 'Ivory Coast', 'CI', 'CIV'),
(55, 'Croatia', 'HR', 'HRV'),
(56, 'Cuba', 'CU', 'CUB'),
(57, 'Curacao', 'CW', 'CUW'),
(58, 'Cyprus', 'CY', 'CYP'),
(59, 'Czech Republic', 'CZ', 'CZE'),
(60, 'Democratic Republic of the Congo', 'CD', 'COD'),
(61, 'Denmark', 'DK', 'DNK'),
(62, 'Djibouti', 'DJ', 'DJI'),
(63, 'Dominica', 'DM', 'DMA'),
(64, 'Dominican Republic', 'DO', 'DOM'),
(65, 'Ecuador', 'EC', 'ECU'),
(66, 'Egypt', 'EG', 'EGY'),
(67, 'El Salvador', 'SV', 'SLV'),
(68, 'Equatorial Guinea', 'GQ', 'GNQ'),
(69, 'Eritrea', 'ER', 'ERI'),
(70, 'Estonia', 'EE', 'EST'),
(71, 'Ethiopia', 'ET', 'ETH'),
(72, 'Falkland Islands (Malvinas)', 'FK', 'FLK'),
(73, 'Faroe Islands', 'FO', 'FRO'),
(74, 'Fiji', 'FJ', 'FJI'),
(75, 'Finland', 'FI', 'FIN'),
(76, 'France', 'FR', 'FRA'),
(77, 'French Guiana', 'GF', 'GUF'),
(78, 'French Polynesia', 'PF', 'PYF'),
(79, 'French Southern Territories', 'TF', 'ATF'),
(80, 'Gabon', 'GA', 'GAB'),
(81, 'Gambia', 'GM', 'GMB'),
(82, 'Georgia', 'GE', 'GEO'),
(83, 'Germany', 'DE', 'DEU'),
(84, 'Ghana', 'GH', 'GHA'),
(85, 'Gibraltar', 'GI', 'GIB'),
(86, 'Greece', 'GR', 'GRC'),
(87, 'Greenland', 'GL', 'GRL'),
(88, 'Grenada', 'GD', 'GRD'),
(89, 'Guadaloupe', 'GP', 'GLP'),
(90, 'Guam', 'GU', 'GUM'),
(91, 'Guatemala', 'GT', 'GTM'),
(92, 'Guernsey', 'GG', 'GGY'),
(93, 'Guinea', 'GN', 'GIN'),
(94, 'Guinea-Bissau', 'GW', 'GNB'),
(95, 'Guyana', 'GY', 'GUY'),
(96, 'Haiti', 'HT', 'HTI'),
(97, 'Heard Island and McDonald Islands', 'HM', 'HMD'),
(98, 'Honduras', 'HN', 'HND'),
(99, 'Hong Kong', 'HK', 'HKG'),
(100, 'Hungary', 'HU', 'HUN'),
(101, 'Iceland', 'IS', 'ISL'),
(102, 'India', 'IN', 'IND'),
(103, 'Indonesia', 'ID', 'IDN'),
(104, 'Iran', 'IR', 'IRN'),
(105, 'Iraq', 'IQ', 'IRQ'),
(106, 'Ireland', 'IE', 'IRL'),
(107, 'Isle of Man', 'IM', 'IMN'),
(108, 'Israel', 'IL', 'ISR'),
(109, 'Italy', 'IT', 'ITA'),
(110, 'Jamaica', 'JM', 'JAM'),
(111, 'Japan', 'JP', 'JPN'),
(112, 'Jersey', 'JE', 'JEY'),
(113, 'Jordan', 'JO', 'JOR'),
(114, 'Kazakhstan', 'KZ', 'KAZ'),
(115, 'Kenya', 'KE', 'KEN'),
(116, 'Kiribati', 'KI', 'KIR'),
(117, 'Kosovo', 'XK', '---'),
(118, 'Kuwait', 'KW', 'KWT'),
(119, 'Kyrgyzstan', 'KG', 'KGZ'),
(120, 'Laos', 'LA', 'LAO'),
(121, 'Latvia', 'LV', 'LVA'),
(122, 'Lebanon', 'LB', 'LBN'),
(123, 'Lesotho', 'LS', 'LSO'),
(124, 'Liberia', 'LR', 'LBR'),
(125, 'Libya', 'LY', 'LBY'),
(126, 'Liechtenstein', 'LI', 'LIE'),
(127, 'Lithuania', 'LT', 'LTU'),
(128, 'Luxembourg', 'LU', 'LUX'),
(129, 'Macao', 'MO', 'MAC'),
(130, 'Macedonia', 'MK', 'MKD'),
(131, 'Madagascar', 'MG', 'MDG'),
(132, 'Malawi', 'MW', 'MWI'),
(133, 'Malaysia', 'MY', 'MYS'),
(134, 'Maldives', 'MV', 'MDV'),
(135, 'Mali', 'ML', 'MLI'),
(136, 'Malta', 'MT', 'MLT'),
(137, 'Marshall Islands', 'MH', 'MHL'),
(138, 'Martinique', 'MQ', 'MTQ'),
(139, 'Mauritania', 'MR', 'MRT'),
(140, 'Mauritius', 'MU', 'MUS'),
(141, 'Mayotte', 'YT', 'MYT'),
(142, 'Mexico', 'MX', 'MEX'),
(143, 'Micronesia', 'FM', 'FSM'),
(144, 'Moldava', 'MD', 'MDA'),
(145, 'Monaco', 'MC', 'MCO'),
(146, 'Mongolia', 'MN', 'MNG'),
(147, 'Montenegro', 'ME', 'MNE'),
(148, 'Montserrat', 'MS', 'MSR'),
(149, 'Morocco', 'MA', 'MAR'),
(150, 'Mozambique', 'MZ', 'MOZ'),
(151, 'Myanmar (Burma)', 'MM', 'MMR'),
(152, 'Namibia', 'NA', 'NAM'),
(153, 'Nauru', 'NR', 'NRU'),
(154, 'Nepal', 'NP', 'NPL'),
(155, 'Netherlands', 'NL', 'NLD'),
(156, 'New Caledonia', 'NC', 'NCL'),
(157, 'New Zealand', 'NZ', 'NZL'),
(158, 'Nicaragua', 'NI', 'NIC'),
(159, 'Niger', 'NE', 'NER'),
(160, 'Nigeria', 'NG', 'NGA'),
(161, 'Niue', 'NU', 'NIU'),
(162, 'Norfolk Island', 'NF', 'NFK'),
(163, 'North Korea', 'KP', 'PRK'),
(164, 'Northern Mariana Islands', 'MP', 'MNP'),
(165, 'Norway', 'NO', 'NOR'),
(166, 'Oman', 'OM', 'OMN'),
(167, 'Pakistan', 'PK', 'PAK'),
(168, 'Palau', 'PW', 'PLW'),
(169, 'Palestine', 'PS', 'PSE'),
(170, 'Panama', 'PA', 'PAN'),
(171, 'Papua New Guinea', 'PG', 'PNG'),
(172, 'Paraguay', 'PY', 'PRY'),
(173, 'Peru', 'PE', 'PER'),
(174, 'Phillipines', 'PH', 'PHL'),
(175, 'Pitcairn', 'PN', 'PCN'),
(176, 'Poland', 'PL', 'POL'),
(177, 'Portugal', 'PT', 'PRT'),
(178, 'Puerto Rico', 'PR', 'PRI'),
(179, 'Qatar', 'QA', 'QAT'),
(180, 'Reunion', 'RE', 'REU'),
(181, 'Romania', 'RO', 'ROU'),
(182, 'Russia', 'RU', 'RUS'),
(183, 'Rwanda', 'RW', 'RWA'),
(184, 'Saint Barthelemy', 'BL', 'BLM'),
(185, 'Saint Helena', 'SH', 'SHN'),
(186, 'Saint Kitts and Nevis', 'KN', 'KNA'),
(187, 'Saint Lucia', 'LC', 'LCA'),
(188, 'Saint Martin', 'MF', 'MAF'),
(189, 'Saint Pierre and Miquelon', 'PM', 'SPM'),
(190, 'Saint Vincent and the Grenadines', 'VC', 'VCT'),
(191, 'Samoa', 'WS', 'WSM'),
(192, 'San Marino', 'SM', 'SMR'),
(193, 'Sao Tome and Principe', 'ST', 'STP'),
(194, 'Saudi Arabia', 'SA', 'SAU'),
(195, 'Senegal', 'SN', 'SEN'),
(196, 'Serbia', 'RS', 'SRB'),
(197, 'Seychelles', 'SC', 'SYC'),
(198, 'Sierra Leone', 'SL', 'SLE'),
(199, 'Singapore', 'SG', 'SGP'),
(200, 'Sint Maarten', 'SX', 'SXM'),
(201, 'Slovakia', 'SK', 'SVK'),
(202, 'Slovenia', 'SI', 'SVN'),
(203, 'Solomon Islands', 'SB', 'SLB'),
(204, 'Somalia', 'SO', 'SOM'),
(205, 'South Africa', 'ZA', 'ZAF'),
(206, 'South Georgia and the South Sandwich Islands', 'GS', 'SGS'),
(207, 'South Korea', 'KR', 'KOR'),
(208, 'South Sudan', 'SS', 'SSD'),
(209, 'Spain', 'ES', 'ESP'),
(210, 'Sri Lanka', 'LK', 'LKA'),
(211, 'Sudan', 'SD', 'SDN'),
(212, 'Suriname', 'SR', 'SUR'),
(213, 'Svalbard and Jan Mayen', 'SJ', 'SJM'),
(214, 'Swaziland', 'SZ', 'SWZ'),
(215, 'Sweden', 'SE', 'SWE'),
(216, 'Switzerland', 'CH', 'CHE'),
(217, 'Syria', 'SY', 'SYR'),
(218, 'Taiwan', 'TW', 'TWN'),
(219, 'Tajikistan', 'TJ', 'TJK'),
(220, 'Tanzania', 'TZ', 'TZA'),
(221, 'Thailand', 'TH', 'THA'),
(222, 'Timor-Leste (East Timor)', 'TL', 'TLS'),
(223, 'Togo', 'TG', 'TGO'),
(224, 'Tokelau', 'TK', 'TKL'),
(225, 'Tonga', 'TO', 'TON'),
(226, 'Trinidad and Tobago', 'TT', 'TTO'),
(227, 'Tunisia', 'TN', 'TUN'),
(228, 'Turkey', 'TR', 'TUR'),
(229, 'Turkmenistan', 'TM', 'TKM'),
(230, 'Turks and Caicos Islands', 'TC', 'TCA'),
(231, 'Tuvalu', 'TV', 'TUV'),
(232, 'Uganda', 'UG', 'UGA'),
(233, 'Ukraine', 'UA', 'UKR'),
(234, 'United Arab Emirates', 'AE', 'ARE'),
(235, 'United Kingdom', 'GB', 'GBR'),
(236, 'United States', 'US', 'USA'),
(237, 'United States Minor Outlying Islands', 'UM', 'UMI'),
(238, 'Uruguay', 'UY', 'URY'),
(239, 'Uzbekistan', 'UZ', 'UZB'),
(240, 'Vanuatu', 'VU', 'VUT'),
(241, 'Vatican City', 'VA', 'VAT'),
(242, 'Venezuela', 'VE', 'VEN'),
(243, 'Vietnam', 'VN', 'VNM'),
(244, 'Virgin Islands, British', 'VG', 'VGB'),
(245, 'Virgin Islands, US', 'VI', 'VIR'),
(246, 'Wallis and Futuna', 'WF', 'WLF'),
(247, 'Western Sahara', 'EH', 'ESH'),
(248, 'Yemen', 'YE', 'YEM'),
(249, 'Zambia', 'ZM', 'ZMB'),
(250, 'Zimbabwe', 'ZW', 'ZWE');

-- --------------------------------------------------------

--
-- Table structure for table `ganre`
--

CREATE TABLE `ganre` (
  `id` int(11) UNSIGNED NOT NULL,
  `title` varchar(255) COLLATE utf8mb4_unicode_ci DEFAULT NULL
) ENGINE=InnoDB DEFAULT CHARSET=utf8mb4 COLLATE=utf8mb4_unicode_ci;

--
-- Dumping data for table `ganre`
--

INSERT INTO `ganre` (`id`, `title`) VALUES
(1, 'Action and adventure\r\n\r\n'),
(2, 'Alternate history\r\n\r\n'),
(3, 'Anthology'),
(4, 'Children\'s'),
(5, 'Coming-of-age\r\n\r\n'),
(6, 'Comic'),
(7, 'Crime'),
(8, 'Drama'),
(9, 'Fairytale'),
(10, 'Fantasy'),
(11, 'Graphic novel\r\n\r\n'),
(12, 'Historical fiction\r\n\r\n'),
(13, 'Horror'),
(14, 'Mystery'),
(15, 'Paranormal romance\r\n\r\n'),
(16, 'Picture book\r\n\r\n'),
(17, 'Poetry'),
(18, 'Political thriller\r\n\r\n'),
(19, 'Romance'),
(20, 'Satire'),
(21, 'Science fiction\r\n\r\n'),
(22, 'Thriller'),
(23, 'Western'),
(24, 'Suspense'),
(25, 'Politics'),
(26, 'Memoir'),
(27, 'Food '),
(28, 'Anti-Utopia');

-- --------------------------------------------------------

--
-- Table structure for table `menu`
--

CREATE TABLE `menu` (
  `id` int(11) UNSIGNED NOT NULL,
  `title` varchar(255) COLLATE utf8mb4_unicode_ci DEFAULT NULL,
  `slug` varchar(255) COLLATE utf8mb4_unicode_ci DEFAULT NULL,
  `parent_id` int(11) DEFAULT NULL
) ENGINE=InnoDB DEFAULT CHARSET=utf8mb4 COLLATE=utf8mb4_unicode_ci;

--
-- Dumping data for table `menu`
--

INSERT INTO `menu` (`id`, `title`, `slug`, `parent_id`) VALUES
(1, 'Home', 'home', NULL),
(2, 'About Us', 'about', NULL),
(3, 'Staff', 'staff', NULL),
(4, 'Contact', 'contact', NULL),
(5, 'Director', 'director', 3),
(6, 'Office Manager', 'office-manager', 3);

-- --------------------------------------------------------

--
-- Table structure for table `slider`
--

CREATE TABLE `slider` (
  `id` int(11) UNSIGNED NOT NULL,
  `slider_img` varchar(255) COLLATE utf8mb4_unicode_ci DEFAULT NULL,
  `title` varchar(255) COLLATE utf8mb4_unicode_ci DEFAULT NULL,
  `description` text COLLATE utf8mb4_unicode_ci
) ENGINE=InnoDB DEFAULT CHARSET=utf8mb4 COLLATE=utf8mb4_unicode_ci;

--
-- Dumping data for table `slider`
--

INSERT INTO `slider` (`id`, `slider_img`, `title`, `description`) VALUES
(1, 'slider1.jpg', 'Best Sellers in Large Print', '<h2>Cursive Handwriting Workbook For Kids: Cursive for beginners workbook.</h2>\r\n\r\n<p>This Cursive Handwriting workbook helps kids of all ages to start learning to write cursive letters, words and sentences and to improve their handwriting.</p>'),
(2, 'slider2.jpg', 'Best Sellers in Large Print2', '<h2>Cursive Handwriting Workbook For Kids: Cursive for beginners workbook.</h2>\r\n\r\n<p>This Cursive Handwriting workbook helps kids of all ages to start learning to write cursive letters, words and sentences and to improve their handwriting.</p>'),
(3, 'slider3.jpg', 'Best Sellers in Large Print3', '<h2>Cursive Handwriting Workbook For Kids: Cursive for beginners workbook.</h2>\r\n\r\n<p>This Cursive Handwriting workbook helps kids of all ages to start learning to write cursive letters, words and sentences and to improve their handwriting.</p>');

-- --------------------------------------------------------

--
-- Table structure for table `subscribers`
--

CREATE TABLE `subscribers` (
  `id` int(11) UNSIGNED NOT NULL,
  `email` varchar(255) COLLATE utf8mb4_unicode_ci DEFAULT NULL,
  `verification` enum('No','Yes') COLLATE utf8mb4_unicode_ci DEFAULT 'No'
) ENGINE=InnoDB DEFAULT CHARSET=utf8mb4 COLLATE=utf8mb4_unicode_ci;

--
-- Dumping data for table `subscribers`
--

INSERT INTO `subscribers` (`id`, `email`, `verification`) VALUES
(15, 'karenaj@mail.ru', 'Yes');

-- --------------------------------------------------------

--
-- Table structure for table `users`
--

CREATE TABLE `users` (
  `id` int(11) UNSIGNED NOT NULL,
  `name` varchar(255) COLLATE utf8mb4_unicode_ci DEFAULT NULL,
  `lastName` varchar(255) COLLATE utf8mb4_unicode_ci DEFAULT NULL,
  `email` varchar(255) COLLATE utf8mb4_unicode_ci DEFAULT NULL,
  `city` varchar(255) COLLATE utf8mb4_unicode_ci DEFAULT NULL,
  `country_id` int(11) UNSIGNED NOT NULL,
  `password` varchar(255) COLLATE utf8mb4_unicode_ci DEFAULT NULL
) ENGINE=InnoDB DEFAULT CHARSET=utf8mb4 COLLATE=utf8mb4_unicode_ci;

--
-- Dumping data for table `users`
--

INSERT INTO `users` (`id`, `name`, `lastName`, `email`, `city`, `country_id`, `password`) VALUES
(1, 'Karen', 'Achemyan', 'karenaj@mail.ru', 'Gyumri', 12, '9c80e3e40a9c030f75329b82bb281422'),
(8, 'Roof Repair Specialist', 'Specialist', 'roofrepairglendaleca@gmail.com', 'Glendale', 236, 'e358b324a00cd2f64dee1619492baa89'),
(9, 'Roof Repair Specialist', 'Achemyan', 'krist68@mail.ru', 'Glendale', 236, 'a39dab07021ccce9d7184134a39cf176'),
(10, 'Roof Repair Specialist', 'Specialist', 'karenaj43@mail.ru', 'Los Angeles', 236, '36454c16033cc50ff236f31fb0f11fbe'),
(11, 'Fresno Air Conditioning Repair', 'Specialist', 'fresnotowing18@gmail.com', 'Fresno', 1, '40b09623b620b8c39fbe73e01cd93bb9'),
(12, 'Narine', 'Harutyunyan', 'narine@gmail.com', 'Ijevan', 12, '295ce6711606eaea5a2e8f0c4703e7b7'),
(15, 'US WIDE HVAC', 'Specialist', 'lasvegashvacservices@gmail.com', 'Las Vegas', 236, 'deffa32dabf1d07ce2ae97072ffeae55');

--
-- Indexes for dumped tables
--

--
-- Indexes for table `authors`
--
ALTER TABLE `authors`
  ADD PRIMARY KEY (`id`);

--
-- Indexes for table `books`
--
ALTER TABLE `books`
  ADD PRIMARY KEY (`id`);

--
-- Indexes for table `countries`
--
ALTER TABLE `countries`
  ADD PRIMARY KEY (`CountryID`);

--
-- Indexes for table `ganre`
--
ALTER TABLE `ganre`
  ADD PRIMARY KEY (`id`);

--
-- Indexes for table `menu`
--
ALTER TABLE `menu`
  ADD PRIMARY KEY (`id`);

--
-- Indexes for table `slider`
--
ALTER TABLE `slider`
  ADD PRIMARY KEY (`id`);

--
-- Indexes for table `subscribers`
--
ALTER TABLE `subscribers`
  ADD PRIMARY KEY (`id`);

--
-- Indexes for table `users`
--
ALTER TABLE `users`
  ADD PRIMARY KEY (`id`),
  ADD KEY `country_id` (`country_id`);

--
-- AUTO_INCREMENT for dumped tables
--

--
-- AUTO_INCREMENT for table `authors`
--
ALTER TABLE `authors`
  MODIFY `id` int(11) UNSIGNED NOT NULL AUTO_INCREMENT, AUTO_INCREMENT=12;

--
-- AUTO_INCREMENT for table `books`
--
ALTER TABLE `books`
  MODIFY `id` int(11) UNSIGNED NOT NULL AUTO_INCREMENT, AUTO_INCREMENT=5;

--
-- AUTO_INCREMENT for table `countries`
--
ALTER TABLE `countries`
  MODIFY `CountryID` int(11) UNSIGNED NOT NULL AUTO_INCREMENT, AUTO_INCREMENT=251;

--
-- AUTO_INCREMENT for table `ganre`
--
ALTER TABLE `ganre`
  MODIFY `id` int(11) UNSIGNED NOT NULL AUTO_INCREMENT, AUTO_INCREMENT=29;

--
-- AUTO_INCREMENT for table `menu`
--
ALTER TABLE `menu`
  MODIFY `id` int(11) UNSIGNED NOT NULL AUTO_INCREMENT, AUTO_INCREMENT=7;

--
-- AUTO_INCREMENT for table `slider`
--
ALTER TABLE `slider`
  MODIFY `id` int(11) UNSIGNED NOT NULL AUTO_INCREMENT, AUTO_INCREMENT=4;

--
-- AUTO_INCREMENT for table `subscribers`
--
ALTER TABLE `subscribers`
  MODIFY `id` int(11) UNSIGNED NOT NULL AUTO_INCREMENT, AUTO_INCREMENT=16;

--
-- AUTO_INCREMENT for table `users`
--
ALTER TABLE `users`
  MODIFY `id` int(11) UNSIGNED NOT NULL AUTO_INCREMENT, AUTO_INCREMENT=16;

--
-- Constraints for dumped tables
--

--
-- Constraints for table `users`
--
ALTER TABLE `users`
  ADD CONSTRAINT `users_ibfk_1` FOREIGN KEY (`country_id`) REFERENCES `countries` (`CountryID`);
COMMIT;

/*!40101 SET CHARACTER_SET_CLIENT=@OLD_CHARACTER_SET_CLIENT */;
/*!40101 SET CHARACTER_SET_RESULTS=@OLD_CHARACTER_SET_RESULTS */;
/*!40101 SET COLLATION_CONNECTION=@OLD_COLLATION_CONNECTION */;
